Rank,Title,Year,Rating
1,The Shawshank Redemption,19942h 22mR,9.3
2,The Godfather,19722h 55mR,9.2
3,The Dark Knight,20082h 32mPG-13,9.1
4,The Godfather Part II,19743h 22mR,9.0
5,12 Angry Men,19571h 36mApproved,9.0
6,The Lord of the Rings: The Return of the King,20033h 21mPG-13,9.0
7,Schindler's List,19933h 15mR,9.0
8,The Lord of the Rings: The Fellowship of the Ring,20012h 58mPG-13,8.9
9,Pulp Fiction,19942h 34mR,8.8
10,"The Good, the Bad and the Ugly",19662h 58mR,8.8
11,The Lord of the Rings: The Two Towers,20022h 59mPG-13,8.8
12,Forrest Gump,19942h 22mPG-13,8.8
13,Fight Club,19992h 19mR,8.8
14,Inception,20102h 28mPG-13,8.8
15,Star Wars: Episode V - The Empire Strikes Back,19802h 4mPG,8.7
16,The Matrix,19992h 16mR,8.7
17,Goodfellas,19902h 25mR,8.7
18,Interstellar,20142h 49mPG-13,8.7
19,One Flew Over the Cuckoo's Nest,19752h 13mR,8.6
20,Se7en,19952h 7mR,8.6
21,It's a Wonderful Life,19462h 10mPG,8.6
22,The Silence of the Lambs,19911h 58mR,8.6
23,Seven Samurai,19543h 27mNot Rated,8.6
24,Saving Private Ryan,19982h 49mR,8.6
25,The Green Mile,19993h 9mR,8.6
26,City of God,20022h 10mR,8.6
27,Life Is Beautiful,19971h 56mPG-13,8.6
28,Terminator 2: Judgment Day,19912h 17mR,8.6
29,Star Wars: Episode IV - A New Hope,19772h 1mPG,8.6
30,Back to the Future,19851h 56mPG,8.5
31,Spirited Away,20012h 4mPG,8.6
32,The Pianist,20022h 30mR,8.5
33,Gladiator,20002h 35mR,8.5
34,Parasite,20192h 12mR,8.5
35,Grave of the Fireflies,19881h 28mNot Rated,8.5
36,Psycho,19601h 49mR,8.5
37,The Lion King,19941h 28mG,8.5
38,Harakiri,19622h 13mNot Rated,8.6
39,The Departed,20062h 31mR,8.5
40,Whiplash,20141h 46mR,8.5
41,The Prestige,20062h 10mPG-13,8.5
42,American History X,19981h 59mR,8.5
43,Léon: The Professional,19941h 50mR,8.5
44,Spider-Man: Across the Spider-Verse,20232h 20mPG,8.5
45,Cinema Paradiso,19882h 54mPG,8.5
46,Casablanca,19421h 42mPG,8.5
47,The Intouchables,20111h 52mR,8.5
48,The Usual Suspects,19951h 46mR,8.5
49,Alien,19791h 57mR,8.5
50,Modern Times,19361h 27mG,8.5
51,Django Unchained,20122h 45mR,8.5
52,Rear Window,19541h 52mPG,8.5
53,Once Upon a Time in the West,19682h 46mPG-13,8.5
54,City Lights,19311h 27mG,8.5
55,Apocalypse Now,19792h 27mR,8.4
56,WALL·E,20081h 38mG,8.4
57,Memento,20001h 53mR,8.4
58,Dune: Part Two,20242h 46mPG-13,8.4
59,Raiders of the Lost Ark,19811h 55mPG,8.4
60,Avengers: Infinity War,20182h 29mPG-13,8.4
61,The Lives of Others,20062h 17mR,8.4
62,Spider-Man: Into the Spider-Verse,20181h 57mPG,8.4
63,Sunset Boulevard,19501h 50mApproved,8.4
64,Witness for the Prosecution,19571h 56mApproved,8.4
65,Paths of Glory,19571h 28mApproved,8.4
66,The Shining,19802h 26mR,8.4
67,The Great Dictator,19402h 5mG,8.4
68,Inglourious Basterds,20092h 33mR,8.4
69,12th Fail,20232h 27m,8.7
70,Aliens,19862h 17mR,8.4
71,High and Low,19632h 23mNot Rated,8.4
72,The Dark Knight Rises,20122h 44mPG-13,8.4
73,Coco,20171h 45mPG,8.4
74,Avengers: Endgame,20193h 1mPG-13,8.4
75,Good Will Hunting,19972h 6mR,8.3
76,Amadeus,19842h 40mPG,8.4
77,Toy Story,19951h 21mG,8.3
78,Your Name.,20161h 46m,8.4
79,Das Boot,19812h 29m,8.4
80,Oldboy,20032hR,8.3
81,Dr. Strangelove or: How I Learned to Stop Worrying and Love the Bomb,19641h 35mPG,8.3
82,Braveheart,19952h 58mR,8.3
83,Princess Mononoke,19972h 13mPG-13,8.3
84,American Beauty,19992h 2mR,8.3
85,3 Idiots,20092h 50mPG-13,8.4
86,Capernaum,20182h 6mR,8.4
87,Joker,20192h 2mR,8.3
88,Singin' in the Rain,19521h 43mG,8.3
89,Once Upon a Time in America,19843h 49mR,8.3
90,Come and See,19852h 22mNot Rated,8.3
91,Star Wars: Episode VI - Return of the Jedi,19832h 11mPG,8.3
92,Requiem for a Dream,20001h 42mNC-17,8.3
93,Toy Story 3,20101h 43mG,8.3
94,Ikiru,19522h 23mNot Rated,8.3
95,The Hunt,20121h 55mR,8.3
96,Incendies,20102h 11mR,8.3
97,Eternal Sunshine of the Spotless Mind,20041h 48mR,8.3
98,Lawrence of Arabia,19623h 47mApproved,8.3
99,The Apartment,19602h 5mApproved,8.3
100,2001: A Space Odyssey,19682h 29mG,8.3
101,Reservoir Dogs,19921h 39mR,8.3
102,Heat,19952h 50mR,8.3
103,Scarface,19832h 50mR,8.3
104,Double Indemnity,19441h 47mApproved,8.3
105,Up,20091h 36mPG,8.3
106,North by Northwest,19592h 16mApproved,8.3
107,Like Stars on Earth,20072h 42mPG,8.3
108,Full Metal Jacket,19871h 56mR,8.2
109,M,19311h 39mPassed,8.3
110,Citizen Kane,19411h 59mPG,8.2
111,Amélie,20012h 2mR,8.3
112,Vertigo,19582h 8mPG,8.2
113,A Separation,20112h 3mPG-13,8.3
114,Die Hard,19882h 12mR,8.2
115,To Kill a Mockingbird,19622h 9mApproved,8.3
116,The Sting,19732h 9mPG,8.2
117,Indiana Jones and the Last Crusade,19892h 7mPG-13,8.2
118,A Clockwork Orange,19712h 16mR,8.2
119,Metropolis,19272h 33mNot Rated,8.2
120,Snatch,20001h 42mR,8.2
121,1917,20191h 59mR,8.2
122,L.A. Confidential,19972h 18mR,8.2
123,Downfall,20042h 36mR,8.2
124,The Wolf of Wall Street,20133hR,8.2
125,Dangal,20162h 41mNot Rated,8.3
126,Bicycle Thieves,19481h 29mNot Rated,8.2
127,Oppenheimer,20233hR,8.2
128,The Truman Show,19981h 43mPG,8.2
129,Green Book,20182h 10mPG-13,8.2
130,Shutter Island,20102h 18mR,8.2
131,Judgment at Nuremberg,19612h 59mApproved,8.3
132,Batman Begins,20052h 20mPG-13,8.2
133,Hamilton,20202h 40mPG-13,8.3
134,For a Few Dollars More,19652h 12mR,8.2
135,Taxi Driver,19761h 54mR,8.2
136,Jurassic Park,19932h 7mPG-13,8.2
137,Some Like It Hot,19592h 1mApproved,8.2
138,There Will Be Blood,20072h 38mR,8.2
139,The Kid,19211h 8mPassed,8.2
140,The Father,20201h 37mPG-13,8.2
141,All About Eve,19502h 18mApproved,8.2
142,The Sixth Sense,19991h 47mPG-13,8.2
143,Ran,19852h 40mR,8.2
144,Casino,19952h 58mR,8.2
145,No Country for Old Men,20072h 2mR,8.2
146,The Thing,19821h 49mR,8.2
147,Top Gun: Maverick,20222h 10mPG-13,8.2
148,Prisoners,20132h 33mR,8.2
149,Pan's Labyrinth,20061h 58mR,8.2
150,Kill Bill: Vol. 1,20031h 51mR,8.2
151,Unforgiven,19922h 10mR,8.2
152,A Beautiful Mind,20012h 15mPG-13,8.2
153,The Treasure of the Sierra Madre,19482h 6mApproved,8.2
154,Howl's Moving Castle,20041h 59mPG,8.2
155,Finding Nemo,20031h 40mG,8.2
156,Yojimbo,19611h 50mNot Rated,8.2
157,Klaus,20191h 36mPG,8.2
158,The Great Escape,19632h 52mApproved,8.2
159,The Elephant Man,19802h 4mPG,8.2
160,Monty Python and the Holy Grail,19751h 31mPG,8.2
161,The Best of Youth,20036h 14mR,8.4
162,The Chaos Class Failed the Class,19751h 35m,8.5
163,Dial M for Murder,19541h 45mPG,8.2
164,Gone with the Wind,19393h 58mG,8.2
165,The Secret in Their Eyes,20092h 9mR,8.2
166,Demon Slayer: Kimetsu no Yaiba Infinity Castle,20252h 35mR,8.4
167,Chinatown,19742h 10mR,8.1
168,"Lock, Stock and Two Smoking Barrels",19981h 47mR,8.1
169,V for Vendetta,20052h 12mR,8.1
170,Inside Out,20151h 35mPG,8.1
171,Catch Me If You Can,20022h 21mPG-13,8.1
172,Rashomon,19501h 28mNot Rated,8.1
173,"Three Billboards Outside Ebbing, Missouri",20171h 55mR,8.1
174,Trainspotting,19961h 33mR,8.1
175,The Bridge on the River Kwai,19572h 41mPG,8.1
176,Harry Potter and the Deathly Hallows: Part 2,20112h 10mPG-13,8.1
177,Dead Poets Society,19892h 8mPG,8.1
178,Fargo,19961h 38mR,8.1
179,The Wild Robot,20241h 42mPG,8.2
180,Warrior,20112h 20mPG-13,8.1
181,Raging Bull,19802h 9mR,8.1
182,Barry Lyndon,19753h 5mPG,8.1
183,Ben-Hur,19593h 32mG,8.1
184,Million Dollar Baby,20042h 12mPG-13,8.1
185,Mad Max: Fury Road,20152hR,8.1
186,Gran Torino,20081h 56mR,8.1
187,My Neighbor Totoro,19881h 26mG,8.1
188,Children of Heaven,19971h 29mPG,8.2
189,Hacksaw Ridge,20162h 19mR,8.1
190,The Grand Budapest Hotel,20141h 39mR,8.1
191,12 Years a Slave,20132h 14mR,8.1
192,Before Sunrise,19951h 41mR,8.1
193,Ratatouille,20071h 51mG,8.1
194,Blade Runner,19821h 57mR,8.1
195,Memories of Murder,20032h 12mNot Rated,8.1
196,How to Train Your Dragon,20101h 38mPG,8.1
197,Spider-Man: No Way Home,20212h 28mPG-13,8.2
198,Gone Girl,20142h 29mR,8.1
199,"Monsters, Inc.",20011h 32mG,8.1
200,Jaws,19752h 4mPG,8.1
201,In the Name of the Father,19932h 13mR,8.1
202,Ford v Ferrari,20192h 32mPG-13,8.1
203,Wild Tales,20142h 2mR,8.1
204,The Gold Rush,19251h 35mApproved,8.1
205,Sherlock Jr.,192445mPassed,8.1
206,Mary and Max,20091h 32mNot Rated,8.1
207,The Deer Hunter,19783h 3mR,8.1
208,The Wages of Fear,19532h 36mNot Rated,8.1
209,The General,19261h 18mPassed,8.1
210,Logan,20172h 17mR,8.1
211,Mr. Smith Goes to Washington,19392h 9mApproved,8.1
212,Rocky,19762hPG,8.1
213,On the Waterfront,19541h 48mApproved,8.1
214,Tokyo Story,19532h 17mNot Rated,8.1
215,Pirates of the Caribbean: The Curse of the Black Pearl,20032h 23mPG-13,8.1
216,Wild Strawberries,19571h 32mNot Rated,8.1
217,Spotlight,20152h 9mR,8.1
218,La haine,19951h 38mNot Rated,8.1
219,The Third Man,19491h 44mApproved,8.1
220,Jai Bhim,20212h 44mApproved,8.6
221,The Terminator,19841h 47mR,8.1
222,Maharaja,20242h 21m,8.3
223,A Silent Voice: The Movie,20162h 10mNot Rated,8.2
224,The Sound of Music,19652h 54mG,8.1
225,The Big Lebowski,19981h 57mR,8.1
226,The Best Years of Our Lives,19462h 50mApproved,8.1
227,The Seventh Seal,19571h 36mNot Rated,8.1
228,Room,20151h 58mR,8.1
229,Before Sunset,20041h 20mR,8.1
230,Hotel Rwanda,20042h 1mPG-13,8.1
231,Platoon,19862hR,8.1
232,The Incredibles,20041h 55mPG,8.0
233,Chainsaw Man - The Movie: Reze Arc,20251h 40mR,8.4
234,The Exorcist,19732h 2mR,8.1
235,Hachi: A Dog's Tale,20091h 33mG,8.1
236,Marty Supreme,20252h 29mR,8.2
237,Rush,20132h 3mR,8.1
238,The Wizard of Oz,19391h 42mG,8.1
239,Stand by Me,19861h 29mR,8.1
240,The Iron Giant,19991h 26mPG,8.1
241,The Passion of Joan of Arc,19281h 54mPassed,8.1
242,My Father and My Son,20051h 52mNot Rated,8.2
243,The Battle of Algiers,19662h 1mNot Rated,8.1
244,The Handmaiden,20162h 25mNot Rated,8.1
245,Network,19762h 1mR,8.1
246,Gangs of Wasseypur,20125h 21mNot Rated,8.2
247,Drishyam,20152h 43mNot Rated,8.2
248,To Be or Not to Be,19421h 39mApproved,8.1
249,The Grapes of Wrath,19402h 9mApproved,8.1
250,Lost Ladies,20232h 2mTV-14,8.3
